split,mode,source_count,total_sample_bytes,total_sample_bases,total_theoretical_bits,total_theoretical_bits_per_base,total_arithmetic_coded_bytes,total_arithmetic_bits_per_base,total_ascii_bytes,total_two_bit_pack_bytes,total_gzip_bytes,total_bz2_bytes,total_lzma_bytes,total_model_forward_seconds,total_softmax_seconds,total_data_transfer_seconds,total_arithmetic_encode_seconds,total_compression_process_seconds,total_compression_bytes_per_second,total_compression_bases_per_second,arithmetic_frequency_total,arithmetic_vocab_size,arithmetic_target_uniform_mass,arithmetic_effective_uniform_mass
train,train_windows_nonoverlap,17,921959,921959,1728779.4775390625,1.8751153549551145,216299,1.8768643724937877,921959,230491,263599,248435,245696,0.5400466248393059,0.047222040593624115,16.64721415936947,214.8169913366437,232.0514741614461,3973.0796941999247,3973.0796941999247,2097152,19564,0.01,0.009328842163085938
val,train_windows_nonoverlap,17,867319,867319,1609977.0727539062,1.8562686540406774,201437,1.8580199442189091,867319,216831,245688,230553,229976,0.1639348715543747,0.0014168918132781982,15.832987502217293,198.5642002671957,214.56253953278065,4042.2666598215383,4042.2666598215383,2097152,19564,0.01,0.009328842163085938
test,train_windows_nonoverlap,17,867321,867321,1640716.5378417969,1.8917062285379886,205280,1.8934627433211002,867321,216831,250137,234734,234212,0.15608945488929749,0.001333475112915039,15.566503435373306,199.78662821650505,215.51055458188057,4024.4943069387914,4024.4943069387914,2097152,19564,0.01,0.009328842163085938
