{"best_val/bpb":1.8209613297470657,"_runtime":5.100196784,"val/bpb":1.8209613297470657,"eval/loss":7.573163115750821,"step":18750,"eval/bpb":1.8209613297470657,"train/lr":2.9999999999999997e-05,"uploaded_events":789,"_step":18750,"train/tokens_per_second":75822.01949117388,"training_log_file":"outputs/dna_dnagpt_0p1bm_all_scratch/training_metrics.jsonl","val/loss":7.573163115750821,"test/loss":7.585848951138877,"test/bpb":1.8240116691556256,"train/bpb":1.836741002615227,"_wandb":{"runtime":5},"epoch":1,"train/loss":7.638791084289551,"_timestamp":1.775649384582907e+09}