split,mode,species,sample_bytes,sample_bases,theoretical_bits_per_base,arithmetic_bits_per_base,ascii_bytes,two_bit_pack_bytes,gzip_bytes,bz2_bytes,lzma_bytes,arithmetic_vs_2bit_ratio,arithmetic_bytes_ratio_vs_ascii,arithmetic_vs_gzip_ratio
train,windows_nonoverlap,HoSa,100000,99999,1.5643779191698166,1.5652156521565215,100000,25000,27817,26629,25732,0.7826078260782607,0.19565,0.7033468742136104
val,windows_nonoverlap,HoSa,100000,99999,1.768912254552233,1.7696176961769619,100000,25000,28409,26828,26684,0.8848088480884809,0.2212,0.7786264916047732
test,windows_nonoverlap,HoSa,100000,99999,1.659813875970791,1.6604166041660418,100000,25000,28143,26732,26168,0.8302083020830209,0.20755,0.7374835660732687
