{"train/bpb":0.9162791922731218,"train/decoder_bpb":0.9162791922731218,"eval/vq_commitment_loss":0,"_wandb":{"runtime":48151},"eval/loss":4.113012549455609,"_step":112500,"eval/vq_usage_entropy":0,"train/nugget_flatten_max_nuggets":512,"eval/vq_active_codes":0,"eval/final_vq_perplexity":0,"test/total_bpb":3.6692332721419723,"eval/final_vq_loss":0,"upload_resumed_uploaded_events":9,"_runtime":48151.227689141,"eval/decoder_bpb":0.9889704680356134,"eval/vq_restart_count":0,"eval/bpb":0.9889704680356134,"test/bpb":0.99156317230649,"_timestamp":1.7773871813056257e+09,"eval/final_bpb":0.9889704680356134,"train/tokens_per_second":46940.40155879386,"best_val/bpb":0.9889704680356134,"test/vq_perplexity":0,"upload_resumed_from_step":112325,"test/loss":4.123795303387913,"eval/final_loss":4.113012549455609,"test/vq_loss":0,"eval/final_latent_bpb":2.677670451339887,"train/loss":3.8106980323791504,"eval/vq_loss":0,"train/nugget_flatten_bottleneck_dim":512,"test/vq_active_codes":0,"upload_resumed_run_id":"0trmrgil","eval/vq_codebook_loss":0,"epoch":1,"test/latent_bpb":2.677670099835482,"training_log_file":"outputs/dna_nugget_modified_20260427_231627/training_metrics.jsonl","train/latent_bpb":2.6770833333333335,"eval/final_decoder_bpb":0.9889704680356134,"eval/vq_perplexity":0,"eval/final_total_bpb":3.6666409193755003,"eval/vq_usage_loss":0,"model_parameters":179974337,"eval/nugget_flatten_bottleneck_dim":512,"uploaded_events":4558,"eval/final_vq_active_codes":0,"test/decoder_bpb":0.99156317230649,"output_dir":"outputs/dna_nugget_modified_20260427_231627","eval/total_bpb":3.6666409193755,"train/nugget_flatten_input_dim":32768,"eval/latent_bpb":2.677670451339887,"train/total_bpb":3.593362525606455,"train/lr":5e-06,"eval/nugget_flatten_input_dim":32768,"eval/nugget_flatten_max_nuggets":512,"train/grad_norm":37.1268424987793,"train/decoder_loss":3.8106980323791504}