{"epoch": 1, "train/loss": 0.00020231818780303001, "train/grad_norm": 0.038512006402015686, "train/tokens_per_second": 55105.71375224879, "_runtime": 30002.913151858, "_step": 77950, "train/bpb": 4.864724103751223e-05, "train/lr": 5.000557117130112e-06, "_timestamp": 1777073540.38837, "eval/loss": 0.00014368437609169095, "eval/bpb": 3.4548789473451214e-05}