{"eval/bpb":1.2989202748886277,"eval/loss":5.402057557867208,"train/lr":5e-06,"eval/final_decoder_bpb":1.2989202748886277,"test/loss":5.414744579087088,"train/tokens_per_second":49064.80199959726,"train/decoder_bpb":1.3285055546771936,"model_parameters":179974337,"test/bpb":1.30197085865489,"eval/final_total_bpb":3.9765907262285145,"train/nugget_flatten_bottleneck_dim":512,"test/latent_bpb":2.677670099835482,"train/loss":5.525099277496338,"eval/vq_loss":0,"epoch":1,"train/grad_norm":32.299102783203125,"test/total_bpb":3.9796409584903722,"eval/total_bpb":3.9765907262285145,"eval/vq_usage_entropy":0,"test/decoder_bpb":1.30197085865489,"train/total_bpb":4.005588888010527,"_timestamp":1.7773001360573428e+09,"eval/final_bpb":1.2989202748886277,"eval/final_vq_loss":0,"train/decoder_loss":5.525099277496338,"eval/nugget_flatten_max_nuggets":512,"test/vq_active_codes":0,"eval/vq_codebook_loss":0,"eval/final_latent_bpb":2.677670451339887,"eval/decoder_bpb":1.2989202748886277,"eval/nugget_flatten_bottleneck_dim":512,"train/bpb":1.3285055546771936,"test/vq_perplexity":0,"eval/vq_active_codes":0,"output_dir":"outputs/dna_nugget_modified_20260427_175649","test/vq_loss":0,"eval/vq_commitment_loss":0,"train/latent_bpb":2.6770833333333335,"eval/vq_usage_loss":0,"_runtime":16323.792561329,"eval/final_loss":5.402057557867208,"_step":37500,"_wandb":{"runtime":16323},"eval/vq_perplexity":0,"train/nugget_flatten_input_dim":32768,"eval/vq_restart_count":0,"train/nugget_flatten_max_nuggets":512,"eval/latent_bpb":2.677670451339887,"eval/nugget_flatten_input_dim":32768,"eval/final_vq_active_codes":0,"eval/final_vq_perplexity":0}