split,mode,source_count,total_sample_bytes,total_sample_bases,total_theoretical_bits,total_theoretical_bits_per_base,total_arithmetic_coded_bytes,total_arithmetic_bits_per_base,total_ascii_bytes,total_two_bit_pack_bytes,total_gzip_bytes,total_bz2_bytes,total_lzma_bytes,total_probability_compute_seconds,total_arithmetic_encode_seconds,total_compression_process_seconds,total_compression_bytes_per_second,total_compression_bases_per_second
train,windows_nonoverlap,1,100000,99999,177116.61450195312,1.7711838568580998,22150,1.7720177201772018,100000,25000,28307,27125,26668,0.21527345798676834,0.587228121003136,0.8025015789899044,124610.34671840566,124609.10061493849
val,windows_nonoverlap,1,100000,99999,185809.28662109375,1.8581114473254108,23237,1.858978589785898,100000,25000,28747,27137,27092,0.029571013001259416,0.5703943860135041,0.5999653990147635,166676.27860575885,166674.61184297278
test,windows_nonoverlap,1,100000,99999,182122.73583984375,1.821245570854146,22775,1.8220182201822017,100000,25000,28422,26895,26800,0.03141874400898814,0.5653416629647836,0.5967604069737718,167571.43877407923,167569.7630596915
