split,mode,species,sample_bytes,sample_bases,theoretical_bits_per_base,arithmetic_bits_per_base,ascii_bytes,two_bit_pack_bytes,gzip_bytes,bz2_bytes,lzma_bytes,arithmetic_vs_2bit_ratio,arithmetic_bytes_ratio_vs_ascii,arithmetic_vs_gzip_ratio
train,windows_nonoverlap,GaGa,1000000,999999,1.7177269218284843,1.7186897186897188,1000000,250000,260570,258119,236448,0.8593448593448594,0.214836,0.8244847833595579
val,windows_nonoverlap,GaGa,1000000,999999,1.8370483253295753,1.837897837897838,1000000,250000,276938,268542,256716,0.918948918948919,0.229737,0.829561129205815
test,windows_nonoverlap,GaGa,1000000,999999,1.8057663643601143,1.8066178066178067,1000000,250000,271300,266337,250448,0.9033089033089033,0.225827,0.8323884998157022
