split,mode,source_count,total_sample_bytes,total_sample_bases,total_theoretical_bits,total_theoretical_bits_per_base,total_arithmetic_coded_bytes,total_arithmetic_bits_per_base,total_ascii_bytes,total_two_bit_pack_bytes,total_gzip_bytes,total_bz2_bytes,total_lzma_bytes,total_probability_compute_seconds,total_arithmetic_encode_seconds,total_compression_process_seconds,total_compression_bytes_per_second,total_compression_bases_per_second
train,windows_nonoverlap,1,1000000,999999,1717725.2041015625,1.7177269218284843,214836,1.7186897186897188,1000000,250000,260570,258119,236448,0.3941776099964045,5.54775134898955,5.9419289589859545,168295.51596837994,168295.34767286398
val,windows_nonoverlap,1,1000000,999999,1837046.48828125,1.8370483253295753,229737,1.837897837897838,1000000,250000,276938,268542,256716,0.19614299206295982,5.538504208961967,5.734647201024927,174378.64352340184,174378.46914475833
test,windows_nonoverlap,1,1000000,999999,1805764.55859375,1.8057663643601143,225827,1.8066178066178067,1000000,250000,271300,266337,250448,0.208075069996994,5.685580357036088,5.893655427033082,169673.98457215354,169673.81489816896
