split,mode,source_count,total_sample_bytes,total_sample_bases,total_theoretical_bits,total_theoretical_bits_per_base,total_arithmetic_coded_bytes,total_arithmetic_bits_per_base,total_ascii_bytes,total_two_bit_pack_bytes,total_gzip_bytes,total_bz2_bytes,total_lzma_bytes,total_probability_compute_seconds,total_arithmetic_encode_seconds,total_compression_process_seconds,total_compression_bytes_per_second,total_compression_bases_per_second
train,windows_nonoverlap,1,100000,99999,164079.35180664062,1.640809926165668,20521,1.6416964169641697,100000,25000,27817,26629,25732,0.24253293697256595,0.5827068379730918,0.8252397749456577,121176.9028057149,121175.69103668684
val,windows_nonoverlap,1,100000,99999,165696.30590820312,1.65697962887832,20720,1.6576165761657617,100000,25000,28037,26822,26196,0.024599507974926382,0.5573044689954259,0.5819039769703522,171849.6589774896,171847.94048089985
test,windows_nonoverlap,1,100000,99999,178943.189453125,1.7894497890291403,22379,1.7903379033790339,100000,25000,28409,26828,26684,0.022591396991629153,0.5809974549920298,0.603588851983659,165675.6907808286,165674.03402392077
