{"train/lr":2.9999999999999997e-05,"_runtime":2.636504069,"eval/loss":3.651401793389235,"training_log_file":"outputs/dna_megabyte_large_all_finished/training_metrics.jsonl","_step":18750,"test/loss":3.658601568999266,"val/loss":3.651401793389235,"val/bpb":1.7559530865385724,"eval/bpb":1.7559530865385724,"uploaded_events":789,"test/bpb":1.7594154467279406,"_wandb":{"runtime":2},"epoch":1,"_timestamp":1.7756309657459474e+09,"train/bpb":1.7122755530144047,"train/loss":3.560576915740967,"step":18750,"best_val/bpb":1.7559530865385724,"train/tokens_per_second":54743.0792104452}