split,mode,source_count,total_sample_bytes,total_sample_bases,total_theoretical_bits,total_theoretical_bits_per_base,total_arithmetic_coded_bytes,total_arithmetic_bits_per_base,total_ascii_bytes,total_two_bit_pack_bytes,total_gzip_bytes,total_bz2_bytes,total_lzma_bytes,total_probability_compute_seconds,total_arithmetic_encode_seconds,total_compression_process_seconds,total_compression_bytes_per_second,total_compression_bases_per_second
train,sliding_token,9,900000,900000,1666126.038198031,1.8512511535533678,208716,1.8552533333333334,900000,225000,254984,242163,239196,231.548749199952,8.114627900067717,239.66337710001972,3755.2671204511953,3755.2671204511953
val,sliding_token,9,900000,900000,1677211.8703913924,1.8635687448793248,210097,1.8675288888888888,900000,225000,257062,242602,242308,234.56459810002707,8.214067300083116,242.77866540011019,3707.08026801597,3707.08026801597
test,sliding_token,9,900000,900000,1679065.6456657308,1.8656284951841453,210325,1.8695555555555556,900000,225000,256233,242888,241032,231.4701353001874,8.102259999956004,239.5723953001434,3756.69324870444,3756.69324870444
