split,mode,source_count,total_sample_bytes,total_sample_bases,total_theoretical_bits,total_theoretical_bits_per_base,total_arithmetic_coded_bytes,total_arithmetic_bits_per_base,total_ascii_bytes,total_two_bit_pack_bytes,total_gzip_bytes,total_bz2_bytes,total_lzma_bytes,total_model_forward_seconds,total_softmax_seconds,total_data_transfer_seconds,total_arithmetic_encode_seconds,total_compression_process_seconds,total_compression_bytes_per_second,total_compression_bases_per_second,arithmetic_frequency_total,arithmetic_vocab_size,arithmetic_target_uniform_mass,arithmetic_effective_uniform_mass
train,train_windows_nonoverlap,17,1481959,1481959,2780830.614501953,1.8764558361614276,347911,1.8781140368930584,1481959,370491,418666,398379,392088,0.780273599200882,0.08688770048320293,17.074825699673966,241.2205461000558,259.16253309941385,5718.260978069409,5718.260978069409,2097152,19564,0.01,0.009328842163085938
val,train_windows_nonoverlap,17,1427319,1427319,2666978.8256835938,1.8685233123664673,333668,1.8701803871454104,1427319,356831,401599,381192,377812,0.18955289979930967,0.0023813999723643064,14.378310599830002,233.03969560039695,247.60994049999863,5764.384891486245,5764.384891486245,2097152,19564,0.01,0.009328842163085938
test,train_windows_nonoverlap,17,1427321,1427321,2703790.796508789,1.8943116485421212,338268,1.8959603340804205,1427321,356831,405313,385243,381080,0.17764499981421977,0.0020696998108178377,14.151376099674962,229.28881929989439,243.61991009919439,5858.802753103552,5858.802753103552,2097152,19564,0.01,0.009328842163085938
