{"eval/loss":3.76761413081225,"best_val/bpb":1.811839407502005,"eval/bpb":1.811839407502005,"val/loss":3.76761413081225,"test/bpb":1.8142559443486057,"_timestamp":1.7755730037950294e+09,"train/tokens_per_second":471196.56545005785,"val/bpb":1.811839407502005,"train/bpb":1.8096392885616623,"train/lr":2.9999999999999997e-05,"_step":18750,"train/loss":3.7630391120910645,"uploaded_events":789,"training_log_file":"outputs/dna_megabyte_quick_all/training_metrics.jsonl","epoch":1,"_runtime":3.7559535840000002,"step":18750,"test/loss":3.7726391779180712,"_wandb":{"runtime":3}}