{"eval/nugget_flatten_input_dim":32768,"upload_resumed_from_event":0,"eval/vq_commitment_loss":0,"best_val/bpb":1.5191905821640668,"train/decoder_bpb":1.6141828403376894,"eval/vq_perplexity":0,"eval/latent_bpb":2.677670451339887,"train/nugget_flatten_bottleneck_dim":512,"train/grad_norm":7.976612567901611,"eval/total_bpb":4.3547896448932875,"_wandb":{"runtime":6567},"train/tokens_per_second":48690.833481183035,"upload_resumed_run_id":"wqi6h8xg","eval/nugget_flatten_max_nuggets":512,"train/decoder_loss":6.713197708129883,"_runtime":6567.913022821,"train/nugget_flatten_max_nuggets":512,"_timestamp":1.7772807929623818e+09,"step":37500,"train/lr":5e-06,"val/bpb":1.5191905821640668,"train/latent_bpb":2.6770833333333335,"eval/vq_restart_count":0,"eval/vq_codebook_loss":0,"uploaded_events":1518,"eval/decoder_bpb":1.6771191935534004,"eval/vq_usage_loss":0,"_step":37500,"train/loss":6.423170566558838,"eval/loss":6.318136012561469,"epoch":1,"eval/vq_usage_entropy":0,"eval/nugget_flatten_bottleneck_dim":512,"train/total_bpb":4.291266173671023,"val/loss":6.318136012561469,"train/nugget_flatten_input_dim":32768,"eval/vq_active_codes":0,"eval/vq_loss":0,"train/bpb":1.5444460538597315,"eval/bpb":1.5191905821640668,"training_log_file":"outputs/dna_nugget_modified_20260426_212625/training_metrics.jsonl"}