split,mode,source_count,total_sample_bytes,total_sample_bases,total_theoretical_bits,total_theoretical_bits_per_base,total_arithmetic_coded_bytes,total_arithmetic_bits_per_base,total_ascii_bytes,total_two_bit_pack_bytes,total_gzip_bytes,total_bz2_bytes,total_lzma_bytes,total_probability_compute_seconds,total_arithmetic_encode_seconds,total_compression_process_seconds,total_compression_bytes_per_second,total_compression_bases_per_second
train,train_windows_nonoverlap,17,1522939,1522939,2858187.0,1.8767573750491648,387220,2.0340670243522556,1522939,380736,430272,409264,402936,0.702393414452672,437.23461086302996,437.93700427748263,3477.5298390520247,3477.5298390520247
val,train_windows_nonoverlap,17,1369772,1369772,2573512.5,1.8787889517379535,348664,2.0363330539681055,1369772,342444,390745,368930,366916,0.4236405733972788,376.5526036587544,376.97624423215166,3633.5764413750676,3633.5764413750676
test,train_windows_nonoverlap,17,1369776,1369776,2583358.5,1.8859715019098013,349812,2.0430318533833267,1369776,342446,389928,368852,365640,0.422304536215961,376.3721111982595,376.7944157344755,3635.34050081377,3635.34050081377
