split,mode,source_count,total_sample_bytes,total_sample_bases,total_theoretical_bits,total_theoretical_bits_per_base,total_arithmetic_coded_bytes,total_arithmetic_bits_per_base,total_ascii_bytes,total_two_bit_pack_bytes,total_gzip_bytes,total_bz2_bytes,total_lzma_bytes,total_model_forward_softmax_seconds,total_probability_compute_seconds,total_data_transfer_seconds,total_arithmetic_encode_seconds,total_compression_process_seconds,total_compression_bytes_per_second,total_compression_bases_per_second
train,train_windows_nonoverlap,17,1522939,1522939,2858190.0,1.8767593449245177,387221,2.0340722773531965,1522939,380736,430272,409264,402936,1.4847908000228927,1.4847908000228927,28.207393200020306,382.2659053001553,411.9580893001985,3696.8299435193694,3696.8299435193694
val,train_windows_nonoverlap,17,1369772,1369772,2573516.5,1.8787918719319712,348663,2.03632721358007,1369772,342444,390745,368930,366916,0.6765752997016534,0.6765752997016534,25.507129500154406,356.48132629937027,382.6650310992263,3579.558853510222,3579.558853510222
test,train_windows_nonoverlap,17,1369776,1369776,2583370.5,1.8859802624662718,349812,2.0430318533833267,1369776,342446,389928,368852,365640,0.37363790010567755,0.37363790010567755,24.84496009995928,273.9044485000195,299.12304650008446,4579.306128455111,4579.306128455111
