split,mode,source_count,total_sample_bytes,total_sample_bases,total_theoretical_bits,total_theoretical_bits_per_base,total_arithmetic_coded_bytes,total_arithmetic_bits_per_base,total_ascii_bytes,total_two_bit_pack_bytes,total_gzip_bytes,total_bz2_bytes,total_lzma_bytes,total_probability_compute_seconds,total_arithmetic_encode_seconds,total_compression_process_seconds,total_compression_bytes_per_second,total_compression_bases_per_second
train,train_windows_nonoverlap,17,1522939,1522939,2858190.0,1.8767593449245177,387221,2.0340722773531965,1522939,380736,430272,409264,402936,1.471438200213015,451.08069839980453,452.55213660001755,3365.223312040244,3365.223312040244
val,train_windows_nonoverlap,17,1369772,1369772,2573516.5,1.8787918719319712,348663,2.03632721358007,1369772,342444,390745,368930,366916,1.8066843001288362,592.2214604001492,594.0281447002781,2305.9042104665427,2305.9042104665427
test,train_windows_nonoverlap,17,1369776,1369776,2583370.5,1.8859802624662718,349812,2.0430318533833267,1369776,342446,389928,368852,365640,1.8767415004549548,615.1450179002131,617.0217594006681,2219.9800560202366,2219.9800560202366
