split,mode,species,sample_bytes,sample_bases,theoretical_bits_per_base,arithmetic_bits_per_base,ascii_bytes,two_bit_pack_bytes,gzip_bytes,bz2_bytes,lzma_bytes,arithmetic_vs_2bit_ratio,arithmetic_bytes_ratio_vs_ascii,arithmetic_vs_gzip_ratio
train,sliding_token,HoSa,100000,99999,1.6543582186062187,1.6552165521655215,100000,25000,27817,26629,25732,0.8276082760827608,0.2069,0.7437897688463889
val,sliding_token,HoSa,100000,99999,1.6689931217206153,1.6696966969669698,100000,25000,28037,26822,26196,0.8348483484834849,0.20871,0.7444091735920391
test,sliding_token,HoSa,100000,99999,1.794403087043871,1.7952179521795217,100000,25000,28409,26828,26684,0.8976089760897609,0.2244,0.7898905276496885
