split,mode,source_count,total_sample_bytes,total_sample_bases,total_theoretical_bits,total_theoretical_bits_per_base,total_arithmetic_coded_bytes,total_arithmetic_bits_per_base,total_ascii_bytes,total_two_bit_pack_bytes,total_gzip_bytes,total_bz2_bytes,total_lzma_bytes,total_probability_compute_seconds,total_arithmetic_encode_seconds,total_compression_process_seconds,total_compression_bytes_per_second,total_compression_bases_per_second
train,sliding_token,1,100000,99999,165434.16750240326,1.6543582186062187,20690,1.6552165521655215,100000,25000,27817,26629,25732,62.754010564647615,2.1979294311604463,64.95193999580806,1539.5998950370674,1539.5844990381172
val,sliding_token,1,100000,99999,166897.64317893982,1.6689931217206153,20871,1.6696966969669698,100000,25000,28037,26822,26196,63.127586313930806,2.315129700175021,65.44271601410583,1528.053939241237,1528.0386587018447
test,sliding_token,1,100000,99999,179438.51430130005,1.794403087043871,22440,1.7952179521795217,100000,25000,28409,26828,26684,62.679076751635876,2.2804930771817453,64.95956982881762,1539.419061171763,1539.4036669811512
