split,mode,species,source_name,sample_bytes,sample_bases,arithmetic_bits_per_base,theoretical_bits_per_base,vs_2bit_percent,paper_baseline_percent,paper_baseline_bpb,compression_bases_per_second,compression_mbases_per_second,compression_bytes_per_second,compression_mbytes_per_second
train,windows_nonoverlap,OrSa,OrSa,100000,99999,1.923459234592346,1.9227422698365486,96.1729617296173,80.0,1.6,84944.78746103417,0.08494478746103416,84945.63691740333,0.08494563691740332
train,windows_nonoverlap,HoSa,HoSa,100000,99999,1.880978809788098,1.8801869879363229,94.0489404894049,82.0,1.64,100953.36260557079,0.10095336260557079,100954.37214929228,0.10095437214929227
train,windows_nonoverlap,DaRe,DaRe,100000,99999,1.920739207392074,1.9200219794222124,96.03696036960369,74.0,1.48,100603.9618072591,0.1006039618072591,100604.96785693767,0.10060496785693768
train,windows_nonoverlap,ScPo,ScPo,100000,99999,1.936419364193642,1.9357475502143777,96.8209682096821,95.0,1.9,96647.70227523036,0.09664770227523035,96648.66876191797,0.09664866876191797
train,windows_nonoverlap,EsCo,EsCo,100000,99999,1.945939459394594,1.9451680277118029,97.2969729697297,95.0,1.9,100529.33244098368,0.10052933244098368,100530.33774436112,0.10053033774436113
train,windows_nonoverlap,YeMi,YeMi,44213,44211,1.8134853317047794,1.8129586842478402,90.67426658523897,94.0,1.88,97282.81019607004,0.09728281019607005,97287.21103795084,0.09728721103795084
train,windows_nonoverlap,BuEb,BuEb,11364,11364,1.9528335093277016,1.9538017301330206,97.64167546638508,99.0,1.98,83899.48006825543,0.08389948006825543,83899.48006825543,0.08389948006825543
train,windows_nonoverlap,AgPh,AgPh,26382,26382,1.9343491774694868,1.9341129509435926,96.71745887347434,99.0,1.98,85763.10374306825,0.08576310374306825,85763.10374306825,0.08576310374306825
