split,mode,source_count,total_sample_bytes,total_sample_bases,total_theoretical_bits,total_theoretical_bits_per_base,total_arithmetic_coded_bytes,total_arithmetic_bits_per_base,total_ascii_bytes,total_two_bit_pack_bytes,total_gzip_bytes,total_bz2_bytes,total_lzma_bytes,total_probability_compute_seconds,total_arithmetic_encode_seconds,total_compression_process_seconds,total_compression_bytes_per_second,total_compression_bases_per_second
train,windows_nonoverlap,8,581959,581956,1114264.8398913008,1.914689151570395,139552,1.9183855824151654,581959,145491,163682,156216,152892,2.5626796100114007,8.312900477991207,10.875580088002607,53510.61693177984,53510.34108442497
val,windows_nonoverlap,8,527319,527316,1010428.3408848874,1.916172353740238,126547,1.919865886868595,527319,131831,144537,138590,135504,1.9403550320130307,7.511849947943119,9.45220497995615,55787.93531437426,55787.61792811293
test,windows_nonoverlap,8,527321,527316,1009647.3775911467,1.9146913380044353,126444,1.9183032564913638,527321,131831,149080,142355,140048,2.0107636889151763,7.501668728975346,9.512432417890523,55434.92734920673,55434.40172129366
