split,mode,source_count,total_sample_bytes,total_sample_bases,total_theoretical_bits,total_theoretical_bits_per_base,total_arithmetic_coded_bytes,total_arithmetic_bits_per_base,total_ascii_bytes,total_two_bit_pack_bytes,total_gzip_bytes,total_bz2_bytes,total_lzma_bytes,total_model_forward_seconds,total_softmax_seconds,total_data_transfer_seconds,total_arithmetic_encode_seconds,total_compression_process_seconds,total_compression_bytes_per_second,total_compression_bases_per_second,arithmetic_frequency_total,arithmetic_vocab_size,arithmetic_target_uniform_mass,arithmetic_effective_uniform_mass
train,train_windows_nonoverlap,17,921959,921959,1729898.212890625,1.8763287878209607,216449,1.8781659488111728,921959,230491,263599,248435,245696,0.4068802371621132,0.03416713327169418,16.00045221298933,204.41323342174292,220.85473300516605,4174.5041523671325,4174.5041523671325,2097152,19564,0.01,0.009328842163085938
val,train_windows_nonoverlap,17,867319,867319,1634244.4047851562,1.8842483616583474,204473,1.8860234815563823,867319,216831,245688,230553,229976,0.1777547225356102,0.0018168911337852478,15.853405594825745,198.45338997244835,214.4863671809435,4043.702224059389,4043.702224059389,2097152,19564,0.01,0.009328842163085938
test,train_windows_nonoverlap,17,867321,867321,1639019.2475585938,1.889749294158211,205073,1.8915534156327358,867321,216831,250137,234734,234212,0.1688208281993866,0.0018436461687088013,16.352497331798077,203.55868810415268,220.08184991031885,3940.9019887529325,3940.9019887529325,2097152,19564,0.01,0.009328842163085938
