split,mode,source_count,total_sample_bytes,total_sample_bases,total_theoretical_bits,total_theoretical_bits_per_base,total_arithmetic_coded_bytes,total_arithmetic_bits_per_base,total_ascii_bytes,total_two_bit_pack_bytes,total_gzip_bytes,total_bz2_bytes,total_lzma_bytes,total_probability_compute_seconds,total_arithmetic_encode_seconds,total_compression_process_seconds,total_compression_bytes_per_second,total_compression_bases_per_second
train,windows_nonoverlap,9,900000,899991,1635676.9362792969,1.8174369924580323,204548,1.818222626670711,900000,225000,254984,242163,239196,0.4408218620228581,4.863145284005441,5.303967146028299,169684.30897501606,169682.61213192632
val,windows_nonoverlap,9,900000,899991,1661316.8190917969,1.8459260360290235,207753,1.8467118004513379,900000,225000,257062,242602,242308,0.22461550997104496,4.764090039971052,4.988705549942097,180407.52074662858,180405.71667142113
test,windows_nonoverlap,9,900000,899991,1660994.8393554688,1.8455682771888482,207711,1.8463384633846338,900000,225000,256233,242888,241032,0.22427189201698638,4.835876736964565,5.060148628981551,177860.38829874087,177858.6096948579
