{"test/loss":7.490693575942421,"train/lr":2.9999999999999997e-05,"train/loss":7.164926528930664,"eval/final_loss":7.469946520843371,"test/bpb":1.8011310791384911,"val/loss":7.469946520843371,"eval/bpb":1.7961424668877495,"_step":18750,"_wandb":{"runtime":10724},"output_dir":"outputs/dna_megabyte_large_20260410_181318","epoch":1,"best_val/bpb":1.7961424668877495,"_timestamp":1.7758259904060762e+09,"val/bpb":1.7961424668877495,"train/bpb":1.722800661937007,"_runtime":10724.287465114,"val/final_bpb":1.7961424668877495,"model_parameters":88618347,"eval/loss":7.469946520843371,"eval/final_bpb":1.7961424668877495,"train/tokens_per_second":60619.991213915746,"val/final_loss":7.469946520843371}