{
  "device": "cuda",
  "model_parameters": 11236931,
  "dataset": {
    "species": [
      {
        "species": "HoSa",
        "total_size": 189752667,
        "train_bytes": 2097152,
        "val_bytes": 262144,
        "test_bytes": 262144
      }
    ],
    "alphabet_bytes": [
      65,
      67,
      71,
      84
    ]
  },
  "validation": {
    "loss_nats": 1.3443874567747116,
    "bits_per_byte": 1.939541116922202,
    "tokens": 262144,
    "elapsed_seconds": 0.4917323589324951
  },
  "test": {
    "loss_nats": 1.3545472845435143,
    "bits_per_byte": 1.9541986500605397,
    "tokens": 262144,
    "elapsed_seconds": 0.3403158187866211
  },
  "compression": {
    "sample_bytes": 65536,
    "sample_symbols_with_eos": 65537,
    "theoretical_bits": 128715.44250835336,
    "theoretical_bits_per_byte": 1.9640417863213098,
    "arithmetic_coded_bytes": 16180,
    "arithmetic_bits_per_byte": 1.97509765625,
    "ascii_bytes": 65536,
    "two_bit_pack_bytes": 16384,
    "gzip_bytes": 18871,
    "bz2_bytes": 17570,
    "lzma_bytes": 17636
  }
}