split,mode,source_count,total_sample_bytes,total_sample_bases,total_theoretical_bits,total_theoretical_bits_per_base,total_arithmetic_coded_bytes,total_arithmetic_bits_per_base,total_ascii_bytes,total_two_bit_pack_bytes,total_gzip_bytes,total_bz2_bytes,total_lzma_bytes,total_probability_compute_seconds,total_arithmetic_encode_seconds,total_compression_process_seconds,total_compression_bytes_per_second,total_compression_bases_per_second
train,train_windows_nonoverlap,9,900000,899991,1643584.292551111,1.8262230317315518,205532,1.8269693808049192,900000,225000,254984,242163,239196,4.2600553998490795,5.518278300063685,9.778333699912764,92040.22153672554,92039.30113451018
val,train_windows_nonoverlap,9,900000,899991,1662781.2928469214,1.8475532453623662,207933,1.8483118164514978,900000,225000,257062,242602,242308,4.002774100052193,5.535927599994466,9.538701700046659,94352.46308159502,94351.51955696421
test,train_windows_nonoverlap,9,900000,899991,1663649.663592631,1.8485181113951483,208038,1.849245159118258,900000,225000,256233,242888,241032,4.29153650009539,5.662128899828531,9.95366539992392,90418.95260080563,90418.04841127963
