split,mode,source_count,total_sample_bytes,total_sample_bases,total_theoretical_bits,total_theoretical_bits_per_base,total_arithmetic_coded_bytes,total_arithmetic_bits_per_base,total_ascii_bytes,total_two_bit_pack_bytes,total_gzip_bytes,total_bz2_bytes,total_lzma_bytes,total_probability_compute_seconds,total_arithmetic_encode_seconds,total_compression_process_seconds,total_compression_bytes_per_second,total_compression_bases_per_second
train,windows_nonoverlap,9,900000,900000,1667454.2682833122,1.8527269647592357,208877,1.8566844444444444,900000,225000,254984,242163,239196,3.634144700015895,8.312786899972707,11.946931599988602,75333.15081513136,75333.15081513136
val,windows_nonoverlap,9,900000,900000,1678409.849308601,1.8648998325651123,210238,1.8687822222222221,900000,225000,257062,242602,242308,3.227747999946587,8.304383400012739,11.532131399959326,78042.81522522145,78042.81522522145
test,windows_nonoverlap,9,900000,900000,1680518.080461195,1.86724231162355,210501,1.87112,900000,225000,256233,242888,241032,3.3593899997649714,8.289959199959412,11.649349199724384,77257.53469741413,77257.53469741413
