split,mode,source_count,total_sample_bytes,total_sample_bases,total_theoretical_bits,total_theoretical_bits_per_base,total_arithmetic_coded_bytes,total_arithmetic_bits_per_base,total_ascii_bytes,total_two_bit_pack_bytes,total_gzip_bytes,total_bz2_bytes,total_lzma_bytes,total_probability_compute_seconds,total_arithmetic_encode_seconds,total_compression_process_seconds,total_compression_bytes_per_second,total_compression_bases_per_second
train,train_windows_nonoverlap,9,900000,900000,1624432.2742154198,1.8049247491282443,203490,1.8088,900000,225000,254984,242163,239196,3.555692195019219,12.506409024936147,16.062101219955366,56032.51951132337,56032.51951132337
val,train_windows_nonoverlap,9,900000,900000,1658118.8204258974,1.8423542449176638,207696,1.8461866666666666,900000,225000,257062,242602,242308,3.1828088279871736,12.37529356701998,15.558102395007154,57847.67172433731,57847.67172433731
test,train_windows_nonoverlap,9,900000,900000,1657466.1495085869,1.8416290550095409,207611,1.845431111111111,900000,225000,256233,242888,241032,3.2494798059924506,12.510511705040699,15.75999151103315,57106.62974468825,57106.62974468825
