{"_runtime":1432.786988215,"train/bpb":0.009350380530141351,"train/total_bpb":2048.0197670471966,"train/loss":0.0388871394097805,"train/lr":4.914874853169911e-05,"eval/vq_codebook_loss":0,"_wandb":{"runtime":1432},"train/decoder_loss":0.0388871394097805,"eval/loss":1.7550228478493006,"eval/vq_perplexity":0,"eval/latent_bpb":2048.0104189511726,"train/grad_norm":6.141906261444092,"eval/decoder_bpb":0.42199379320650193,"eval/vq_commitment_loss":0,"eval/total_bpb":2048.4324127443792,"eval/vq_loss":0,"train/tokens_per_second":50378.676297532045,"_step":3750,"epoch":1,"eval/vq_usage_loss":0,"eval/vq_usage_entropy":0,"eval/vq_active_codes":0,"_timestamp":1.7771290086251426e+09,"train/decoder_bpb":0.009350380530141351,"eval/bpb":0.42199379320650193,"train/latent_bpb":2048.0104166666665}