split,mode,source_count,total_sample_bytes,total_sample_bases,total_theoretical_bits,total_theoretical_bits_per_base,total_arithmetic_coded_bytes,total_arithmetic_bits_per_base,total_ascii_bytes,total_two_bit_pack_bytes,total_gzip_bytes,total_bz2_bytes,total_lzma_bytes,total_probability_compute_seconds,total_arithmetic_encode_seconds,total_compression_process_seconds,total_compression_bytes_per_second,total_compression_bases_per_second
train,windows_nonoverlap,1,100000,100000,187963.4521484375,1.879634521484375,23544,1.88352,100000,25000,27817,26629,25732,0.38928497600136325,1.1633095149882138,1.552594490989577,64408.318192770996,64408.318192770996
val,windows_nonoverlap,1,100000,100000,186604.94677734375,1.8660494677734376,23376,1.87008,100000,25000,28037,26822,26196,0.06066149496473372,1.1262123369961046,1.1868738319608383,84254.95390254722,84254.95390254722
test,windows_nonoverlap,1,100000,100000,188917.74365234375,1.8891774365234375,23662,1.89296,100000,25000,28409,26828,26684,0.05650450201937929,1.14700840896694,1.2035129109863192,83090.09324880998,83090.09324880998
