{
  "device": "cuda",
  "model_parameters": 96578051,
  "dataset": {
    "species": [
      {
        "species": "HoSa",
        "total_size": 189752667,
        "train_bytes": 170777400,
        "val_bytes": 9487633,
        "test_bytes": 9487634
      }
    ],
    "alphabet_bytes": [
      65,
      67,
      71,
      84
    ]
  },
  "best_val_bits_per_byte": 1.8624974533969698,
  "validation": {
    "loss_nats": 1.2909848586221877,
    "bits_per_byte": 1.8624974533969698,
    "tokens": 9487633,
    "elapsed_seconds": 35.509225368499756
  },
  "test": {
    "loss_nats": 1.2965209684689016,
    "bits_per_byte": 1.8704843716186406,
    "tokens": 9487634,
    "elapsed_seconds": 33.9054970741272
  },
  "compression": {
    "aggregate": {
      "source_count": 1,
      "total_sample_bytes": 16384,
      "total_theoretical_bits": 30845.289858974364,
      "total_theoretical_bits_per_byte": 1.8826470861190407,
      "total_arithmetic_coded_bytes": 3878,
      "total_arithmetic_bits_per_byte": 1.8935546875
    },
    "per_source": [
      {
        "species": "HoSa",
        "sample_bytes": 16384,
        "sample_symbols_with_eos": 16385,
        "theoretical_bits": 30845.289858974364,
        "theoretical_bits_per_byte": 1.8826470861190407,
        "arithmetic_coded_bytes": 3878,
        "arithmetic_bits_per_byte": 1.8935546875,
        "ascii_bytes": 16384,
        "two_bit_pack_bytes": 4096,
        "gzip_bytes": 4962,
        "bz2_bytes": 4501,
        "lzma_bytes": 4712
      }
    ]
  }
}