{"vq/active_codes":219,"vq/perplexity":31.949777603149414,"eval/loss":7.769770229676361,"train/loss":7.7174296379089355,"train/tokens_per_second":47708.13745402225,"eval/vq_commitment_loss":0.024582465993171092,"epoch":1,"_timestamp":1.7771270927705393e+09,"train/decoder_bpb":1.8430581546916194,"_runtime":1400.07305094,"train/grad_norm":0.5688526630401611,"eval/vq_loss":0.04105640529924443,"train/decoder_loss":7.665063381195068,"train/lr":4.93096535125041e-05,"eval/decoder_bpb":1.8682348298667981,"train/total_bpb":3.8534748213582857,"eval/vq_codebook_loss":0.024582465993171092,"eval/bpb":1.8682348298667981,"vq/codebook_loss":0.04200170934200287,"train/latent_bpb":2.0104166666666665,"eval/latent_bpb":2.010419067859181,"eval/vq_perplexity":61.884909470904525,"_wandb":{"runtime":1400},"_step":3425,"train/bpb":1.8430581546916194,"eval/vq_active_codes":740.939111747851,"vq/usage_loss":0.008264541625976562,"eval/vq_usage_entropy":8.302521373617616,"vq/loss":0.052366334944963455,"vq/usage_entropy":8.309501647949219,"eval/total_bpb":3.8786538977259792,"eval/vq_usage_loss":0.015244815957580392,"vq/commitment_loss":0.04200170934200287}