split,mode,source_count,total_sample_bytes,total_sample_bases,total_theoretical_bits,total_theoretical_bits_per_base,total_arithmetic_coded_bytes,total_arithmetic_bits_per_base,total_ascii_bytes,total_two_bit_pack_bytes,total_gzip_bytes,total_bz2_bytes,total_lzma_bytes,total_probability_compute_seconds,total_arithmetic_encode_seconds,total_compression_process_seconds,total_compression_bytes_per_second,total_compression_bases_per_second
train,train_windows_nonoverlap,8,581959,581956,1117299.718807256,1.91990411441287,139934,1.9236368385238747,581959,145491,163682,156216,152892,2.276811800082214,5.347377200028859,7.624189000111073,76330.61037593923,76330.21689146501
val,train_windows_nonoverlap,8,527319,527316,1012479.6029895596,1.9200623591727914,126805,1.9237800483960281,527319,131831,144537,138590,135504,1.9191141000483185,4.916847899905406,6.835961999953724,77138.96010591774,77138.52125034774
test,train_windows_nonoverlap,8,527321,527316,1011082.6461278697,1.9174131756439587,126630,1.9211250938716065,527321,131831,149080,142355,140048,2.056156399892643,4.860583700123243,6.916740100015886,76238.37131003215,76237.64842614064
