split,mode,source_count,total_sample_bytes,total_sample_bases,total_theoretical_bits,total_theoretical_bits_per_base,total_arithmetic_coded_bytes,total_arithmetic_bits_per_base,total_ascii_bytes,total_two_bit_pack_bytes,total_gzip_bytes,total_bz2_bytes,total_lzma_bytes,total_model_forward_seconds,total_softmax_seconds,total_data_transfer_seconds,total_arithmetic_encode_seconds,total_compression_process_seconds,total_compression_bytes_per_second,total_compression_bases_per_second,arithmetic_frequency_total,arithmetic_vocab_size,arithmetic_target_uniform_mass,arithmetic_effective_uniform_mass
train,train_windows_nonoverlap,17,921959,921957,1718069.7126464844,1.8635030838167987,214842,1.8642257719177793,921959,230491,263599,248435,245696,0.7906865701079369,0.025000184774398804,0.13932158797979355,4.537379905581474,5.4923882484436035,167861.22143882647,167860.85729850907,32768,127,0.01,0.003875732421875
val,train_windows_nonoverlap,17,867319,867315,1620543.69921875,1.8684603624043745,202646,1.869180170987473,867319,216831,245688,230553,229976,0.2959985285997391,0.0015080273151397705,0.09825004637241364,4.151898607611656,4.547655209898949,190717.84468446372,190716.9651103062,32768,127,0.01,0.003875732421875
test,train_windows_nonoverlap,17,867321,867318,1625753.2264404297,1.8744603783622957,203300,1.875206095111597,867321,216831,250137,234734,234212,0.3007708415389061,0.0015355795621871948,0.11016030609607697,4.223335392773151,4.635802119970322,187091.89425142086,187091.24711422165,32768,127,0.01,0.003875732421875
