split,mode,source_count,total_sample_bytes,total_sample_bases,total_theoretical_bits,total_theoretical_bits_per_base,total_arithmetic_coded_bytes,total_arithmetic_bits_per_base,total_ascii_bytes,total_two_bit_pack_bytes,total_gzip_bytes,total_bz2_bytes,total_lzma_bytes,total_probability_compute_seconds,total_arithmetic_encode_seconds,total_compression_process_seconds,total_compression_bytes_per_second,total_compression_bases_per_second
train,train_windows_nonoverlap,8,581959,581952,1113758.5647676182,1.9138323517534406,139268,1.914494666226768,581959,145491,163682,156216,152892,2.263316899887286,3.825360900023952,6.088677799911238,95580.52160495073,95579.37193005743
val,train_windows_nonoverlap,8,527319,527310,1009979.1178634899,1.915342242444653,126287,1.9159431833266958,527319,131831,144537,138590,135504,2.4278211999917403,3.5925945001654327,6.020415700157173,87588.47000984225,87586.97509645949
test,train_windows_nonoverlap,8,527321,527313,1009079.4644931741,1.9136252368008642,126178,1.9142786163056855,527321,131831,149080,142355,140048,2.411434899782762,3.579595100018196,5.991029999800958,88018.42087546205,88017.08554581084
