{"train/decoder_bpb": 1.4309219111965996, "train/total_bpb": 2.7746719111965996, "train/grad_norm": 11.632357597351074, "train/loss": 5.9510369300842285, "train/latent_bpb": 1.34375, "epoch": 1, "train/decoder_loss": 5.9510369300842285, "train/nugget_flatten_bottleneck_dim": 256, "train/nugget_flatten_input_dim": 24576, "train/nugget_flatten_max_nuggets": 384, "train/lr": 1.9431811317485627e-05, "train/tokens_per_second": 53980.70236152603, "train/bpb": 1.4309219111965996, "_timestamp": 1779119486.0177798, "_runtime": 27265.319057246, "_step": 69575, "eval/vq_loss": 0, "eval/vq_codebook_loss": 0, "eval/nugget_flatten_bottleneck_dim": 256, "eval/nugget_flatten_input_dim": 24576, "eval/nugget_flatten_max_nuggets": 384, "eval/vq_commitment_loss": 0, "eval/vq_perplexity": 0, "eval/vq_active_codes": 0, "eval/loss": 6.363961804757817, "eval/latent_bpb": 1.3440447012562076, "eval/vq_usage_loss": 0, "eval/total_bpb": 2.874254057278021, "eval/vq_usage_entropy": 0, "eval/bpb": 1.5302093560218135, "eval/decoder_bpb": 1.5302093560218135, "eval/vq_restart_count": 0}