{"_step":67825,"val/bpb":1.5831009306973516,"train/tokens_per_second":57454.21746137092,"_timestamp":1.7761680377927203e+09,"val/loss":3.291965839964084,"eval/bpb":1.5831009306973516,"epoch":1,"_runtime":77557.449741365,"train/bpb":1.966562679894521,"train/lr":0.00012900789528237655,"eval/loss":3.291965839964084,"_wandb":{"runtime":77557},"train/loss":4.089352130889893}