split,mode,source_count,total_sample_bytes,total_sample_bases,total_theoretical_bits,total_theoretical_bits_per_base,total_arithmetic_coded_bytes,total_arithmetic_bits_per_base,total_ascii_bytes,total_two_bit_pack_bytes,total_gzip_bytes,total_bz2_bytes,total_lzma_bytes,total_model_forward_seconds,total_softmax_seconds,total_data_transfer_seconds,total_arithmetic_encode_seconds,total_compression_process_seconds,total_compression_bytes_per_second,total_compression_bases_per_second,arithmetic_frequency_total,arithmetic_vocab_size,arithmetic_target_uniform_mass,arithmetic_effective_uniform_mass
train,train_windows_nonoverlap,17,921959,921959,1598185.7556152344,1.7334672752424287,199986,1.7353136093904393,921959,230491,263599,248435,245696,0.4701022729277611,0.03849433362483978,16.559029400348663,204.78739216178656,221.85501816868782,4155.6824254432095,4155.6824254432095,2097152,19564,0.01,0.009328842163085938
val,train_windows_nonoverlap,17,867319,867319,1548149.390625,1.7849826772214146,193703,1.7866828698552666,867319,216831,245688,230553,229976,0.16842833906412125,0.0018145591020584106,15.88993226736784,195.3884038850665,211.44857905060053,4101.796303830668,4101.796303830668,2097152,19564,0.01,0.009328842163085938
test,train_windows_nonoverlap,17,867321,867321,1576513.3322753906,1.817681495404113,197251,1.8194048109062273,867321,216831,250137,234734,234212,0.16093356907367706,0.001759640872478485,15.595116078853607,193.52147960662842,209.27928889542818,4144.323141471393,4144.323141471393,2097152,19564,0.01,0.009328842163085938
