split,mode,source_count,total_sample_bytes,total_sample_bases,total_theoretical_bits,total_theoretical_bits_per_base,total_arithmetic_coded_bytes,total_arithmetic_bits_per_base,total_ascii_bytes,total_two_bit_pack_bytes,total_gzip_bytes,total_bz2_bytes,total_lzma_bytes
train,windows_nonoverlap,8,581959,581956,981527.0062941201,1.686600028686224,122994,1.6907669995669776,581959,145491,163682,156216,152892
val,windows_nonoverlap,8,527319,527316,1020438.9636833707,1.9351564596624617,127625,1.9362204067390332,527319,131831,144537,138590,135504
test,windows_nonoverlap,8,527321,527316,1018219.1989777698,1.9309469065565426,127389,1.9326400109232416,527321,131831,149080,142355,140048
