split,mode,source_count,total_sample_bytes,total_sample_bases,total_theoretical_bits,total_theoretical_bits_per_base,total_arithmetic_coded_bytes,total_arithmetic_bits_per_base,total_ascii_bytes,total_two_bit_pack_bytes,total_gzip_bytes,total_bz2_bytes,total_lzma_bytes,total_probability_compute_seconds,total_arithmetic_encode_seconds,total_compression_process_seconds,total_compression_bytes_per_second,total_compression_bases_per_second
train,train_windows_nonoverlap,1,100000,99999,176251.55834960938,1.762533208828182,22042,1.7633776337763378,100000,25000,28307,27125,26668,0.2245097910054028,0.6038142920006067,0.8283240830060095,120725.69426823547,120724.48701129279
val,train_windows_nonoverlap,1,100000,99999,185584.52197265625,1.8558637783643461,23208,1.8566585665856659,100000,25000,28747,27137,27092,0.019839951011817902,0.5581967050093226,0.5780366560211405,172999.4092214503,172997.6792273581
test,train_windows_nonoverlap,1,100000,99999,182031.92236328125,1.8203374270070827,22764,1.8211382113821137,100000,25000,28422,26895,26800,0.02348683401942253,0.5620379070169292,0.5855247410363518,170786.97617969927,170785.26830993747
