split,mode,source_count,total_sample_bytes,total_sample_bases,total_theoretical_bits,total_theoretical_bits_per_base,total_arithmetic_coded_bytes,total_arithmetic_bits_per_base,total_ascii_bytes,total_two_bit_pack_bytes,total_gzip_bytes,total_bz2_bytes,total_lzma_bytes,total_probability_compute_seconds,total_arithmetic_encode_seconds,total_compression_process_seconds,total_compression_bytes_per_second,total_compression_bases_per_second
train,train_windows_nonoverlap,1,100000,99999,178171.90307617188,1.7817368481302,22281,1.7824978249782497,100000,25000,28307,27125,26668,0.5324895830126479,0.8515723600285128,1.3840619430411607,72251.10155133143,72250.37904031592
val,train_windows_nonoverlap,1,100000,99999,185016.2548828125,1.8501810506386314,23136,1.8508985089850898,100000,25000,28747,27137,27092,0.03060016897507012,0.7210729779908434,0.7516731469659135,133036.5470732118,133035.21670774106
test,train_windows_nonoverlap,1,100000,99999,181881.580078125,1.8188339891211411,22744,1.8195381953819538,100000,25000,28422,26895,26800,0.027245294011663646,0.6492214979371056,0.6764667919487692,147826.91654666365,147825.4382774982
