split,mode,species,sample_bytes,sample_bases,theoretical_bits_per_base,arithmetic_bits_per_base,ascii_bytes,two_bit_pack_bytes,gzip_bytes,bz2_bytes,lzma_bytes,arithmetic_vs_2bit_ratio,arithmetic_bytes_ratio_vs_ascii,arithmetic_vs_gzip_ratio
train,train_windows_nonoverlap,GaGa,100000,99999,1.7817368481302,1.7824978249782497,100000,25000,28307,27125,26668,0.8912489124891249,0.22281,0.7871197936906066
val,train_windows_nonoverlap,GaGa,100000,99999,1.8501810506386314,1.8508985089850898,100000,25000,28747,27137,27092,0.9254492544925449,0.23136,0.804814415417261
test,train_windows_nonoverlap,GaGa,100000,99999,1.8188339891211411,1.8195381953819538,100000,25000,28422,26895,26800,0.9097690976909769,0.22744,0.8002251776792625
