{"train/bpb":1.659317737919924,"train/lr":5.7554625626757355e-05,"eval/loss":3.611726295907229,"_step":90150,"train/tokens_per_second":57666.39696399884,"eval/bpb":1.7368732053845415,"epoch":1,"_timestamp":1.776218042519369e+09,"_runtime":45426.669567938,"train/loss":3.4504542350769043,"val/bpb":1.7368732053845415,"val/loss":3.611726295907229,"_wandb":{"runtime":45426}}