{"val/final_bpb":1.7117047662569878,"eval/final_bpb":1.7117047662569878,"train/loss":3.447141647338867,"val/final_loss":3.5593899980461536,"_wandb":{"runtime":10910},"train/tokens_per_second":130214.91638384057,"eval/loss":3.560533680124557,"train/lr":2.9999999999999997e-05,"eval/bpb":1.712254761077943,"train/bpb":1.657724719952532,"_timestamp":1.7760654989840064e+09,"eval/final_loss":3.5593899980461536,"_runtime":10910.576800406,"val/loss":3.560533680124557,"val/bpb":1.712254761077943,"epoch":1,"best_val/bpb":1.7117047662569878,"_step":18750,"model_parameters":327219039,"test/bpb":1.7120063961758147,"output_dir":"outputs/dna_megabyte_large_20260413_125114","test/loss":3.560017219829576}