split,mode,source_count,total_sample_bytes,total_sample_bases,total_theoretical_bits,total_theoretical_bits_per_base,total_arithmetic_coded_bytes,total_arithmetic_bits_per_base,total_ascii_bytes,total_two_bit_pack_bytes,total_gzip_bytes,total_bz2_bytes,total_lzma_bytes,total_probability_compute_seconds,total_arithmetic_encode_seconds,total_compression_process_seconds,total_compression_bytes_per_second,total_compression_bases_per_second
train,train_windows_nonoverlap,17,1481959,1481943,2778047.498046875,1.8745980770156982,347404,1.8753973668352966,1481959,370491,418666,398379,392088,3.8028583705890924,8.506647727452219,12.309506098041311,120391.42660937544,120390.12680092882
val,train_windows_nonoverlap,17,1427319,1427301,2684212.7124023438,1.8806213352350651,335669,1.8814195464026158,1427319,356831,401599,381192,377812,1.7798938213381916,8.119912355439737,9.899806176777929,144176.45906523665,144174.64084782123
test,train_windows_nonoverlap,17,1427321,1427304,2695488.216064453,1.8885172437437667,337075,1.889296183574067,1427321,356831,405313,385243,381080,1.78679866110906,8.614055699435994,10.400854360545054,137231.13030160742,137229.4958204955
