split,mode,source_count,total_sample_bytes,total_sample_bases,total_theoretical_bits,total_theoretical_bits_per_base,total_arithmetic_coded_bytes,total_arithmetic_bits_per_base,total_ascii_bytes,total_two_bit_pack_bytes,total_gzip_bytes,total_bz2_bytes,total_lzma_bytes,total_model_forward_softmax_seconds,total_data_transfer_seconds,total_arithmetic_encode_seconds,total_compression_process_seconds,total_compression_bytes_per_second,total_compression_bases_per_second
train,train_windows_nonoverlap,17,1481959,1481943,2778050.6762695312,1.8746002216478848,347406,1.8754081634718744,1481959,370491,418666,398379,392088,70.59753610007465,188.93508899991866,6.1366413999930955,265.6692664999864,5578.210154015221,5578.1499287576635
val,train_windows_nonoverlap,17,1427319,1427301,2684220.2763671875,1.8806266347232907,335669,1.8814195464026158,1427319,356831,401599,381192,377812,2.8735066999215633,194.38869250024436,5.9026726999436505,203.16487190010957,7025.422193565886,7025.333595572386
test,train_windows_nonoverlap,17,1427321,1427304,2695495.833251953,1.8885225805097954,337074,1.8892905786013352,1427321,356831,405313,385243,381080,2.8376047998899594,194.331402600219,5.858919300022535,203.0279267001315,7030.170790780555,7030.087058457242
