split,mode,source_count,total_sample_bytes,total_sample_bases,total_theoretical_bits,total_theoretical_bits_per_base,total_arithmetic_coded_bytes,total_arithmetic_bits_per_base,total_ascii_bytes,total_two_bit_pack_bytes,total_gzip_bytes,total_bz2_bytes,total_lzma_bytes,total_probability_compute_seconds,total_arithmetic_encode_seconds,total_compression_process_seconds,total_compression_bytes_per_second,total_compression_bases_per_second
train,train_windows_nonoverlap,1,100000,100000,187876.1904296875,1.878761904296875,23534,1.88272,100000,25000,27817,26629,25732,0.2739452890236862,1.1363400630070828,1.410285352030769,70907.6357178375,70907.6357178375
val,train_windows_nonoverlap,1,100000,100000,186583.58642578125,1.8658358642578126,23374,1.86992,100000,25000,28037,26822,26196,0.0531952140154317,1.0369448729907162,1.090140087006148,91731.32993818256,91731.32993818256
test,train_windows_nonoverlap,1,100000,100000,188824.65771484375,1.8882465771484376,23651,1.89208,100000,25000,28409,26828,26684,0.05516197095857933,1.021939874975942,1.0771018459345214,92841.7311486802,92841.7311486802
