split,mode,source_count,total_sample_bytes,total_sample_bases,total_theoretical_bits,total_theoretical_bits_per_base,total_arithmetic_coded_bytes,total_arithmetic_bits_per_base,total_ascii_bytes,total_two_bit_pack_bytes,total_gzip_bytes,total_bz2_bytes,total_lzma_bytes,total_probability_compute_seconds,total_arithmetic_encode_seconds,total_compression_process_seconds,total_compression_bytes_per_second,total_compression_bases_per_second
train,train_windows_nonoverlap,9,900000,900000,1661951.1987304688,1.8466124430338542,208182,1.8505066666666667,900000,225000,254984,242163,239196,0.9531156269949861,8.616119204001734,9.56923483099672,94051.40702417657,94051.40702417657
val,train_windows_nonoverlap,9,900000,900000,1674663.9162597656,1.860737684733073,209767,1.8645955555555556,900000,225000,257062,242602,242308,0.41517833806574345,9.023559840017697,9.43873817808344,95351.7284852526,95351.7284852526
test,train_windows_nonoverlap,9,900000,900000,1676005.8693847656,1.8622287437608507,209933,1.866071111111111,900000,225000,256233,242888,241032,0.41200638507143594,8.866027895972366,9.278034281043801,97003.30616786079,97003.30616786079
