split,mode,source_count,total_sample_bytes,total_sample_bases,total_theoretical_bits,total_theoretical_bits_per_base,total_arithmetic_coded_bytes,total_arithmetic_bits_per_base,total_ascii_bytes,total_two_bit_pack_bytes,total_gzip_bytes,total_bz2_bytes,total_lzma_bytes,total_probability_compute_seconds,total_arithmetic_encode_seconds,total_compression_process_seconds,total_compression_bytes_per_second,total_compression_bases_per_second
train,train_windows_nonoverlap,1,100000,99999,190285.0595703125,1.902869624399369,23796,1.90369903699037,100000,25000,28307,27125,26668,0.23395258001983166,0.604923309001606,0.8388758890214376,119207.14531043636,119205.95323898326
val,train_windows_nonoverlap,1,100000,99999,190925.62060546875,1.9092752988076755,23876,1.91009910099101,100000,25000,28747,27137,27092,0.01536987500730902,0.5633990169735625,0.5787688919808716,172780.53707714655,172778.80927177577
test,train_windows_nonoverlap,1,100000,99999,187713.92846679688,1.8771580562485313,23475,1.8780187801878019,100000,25000,28422,26895,26800,0.0135661989916116,0.5759851649636403,0.5895513639552519,169620.50486849557,169618.8086634469
