split,mode,species,sample_bytes,sample_bases,theoretical_bits_per_base,arithmetic_bits_per_base,ascii_bytes,two_bit_pack_bytes,gzip_bytes,bz2_bytes,lzma_bytes,arithmetic_vs_2bit_ratio,arithmetic_bytes_ratio_vs_ascii,arithmetic_vs_gzip_ratio
train,windows_nonoverlap,GaGa,100000,99999,1.902869624399369,1.90369903699037,100000,25000,28307,27125,26668,0.951849518495185,0.23796,0.8406401243508673
val,windows_nonoverlap,GaGa,100000,99999,1.9092752988076755,1.91009910099101,100000,25000,28747,27137,27092,0.955049550495505,0.23876,0.8305562319546388
test,windows_nonoverlap,GaGa,100000,99999,1.8771580562485313,1.8780187801878019,100000,25000,28422,26895,26800,0.9390093900939009,0.23475,0.8259446907325312
