{"model_parameters":146875393,"output_dir":"outputs/dna_nugget_modified_20260425_145711","_runtime":13331.112415441,"train/tokens_per_second":61720.93719825264,"train/loss":3.8368818759918213,"_timestamp":1.7771135669641292e+09,"epoch":1,"_wandb":{"runtime":13331},"train/bpb":0.9225750758283572,"test/bpb":0.9170205842841134,"test/loss":3.8137813950718007,"eval/loss":4.010245141931509,"eval/final_loss":3.8108219318759913,"eval/bpb":0.9642601298356075,"_step":37500,"eval/final_bpb":0.916308983804732,"train/lr":5e-06,"train/grad_norm":137.89422607421875}