split,mode,source_count,total_sample_bytes,total_sample_bases,total_theoretical_bits,total_theoretical_bits_per_base,total_arithmetic_coded_bytes,total_arithmetic_bits_per_base,total_ascii_bytes,total_two_bit_pack_bytes,total_gzip_bytes,total_bz2_bytes,total_lzma_bytes,total_model_forward_seconds,total_softmax_seconds,total_data_transfer_seconds,total_arithmetic_encode_seconds,total_compression_process_seconds,total_compression_bytes_per_second,total_compression_bases_per_second,arithmetic_frequency_total,arithmetic_vocab_size,arithmetic_target_uniform_mass,arithmetic_effective_uniform_mass
train,windows_nonoverlap,17,921959,921959,1770450.9738769531,1.9203142155746113,221453,1.9215865347591379,921959,230491,263599,248435,245696,0.5006963089108467,0.04069618135690689,13.315624251961708,178.75274666398764,192.6097634062171,4786.6680468091,4786.6680468091,2097152,15659,0.01,0.007466793060302734
val,windows_nonoverlap,17,867319,867319,1653289.299194336,1.9062067119414379,206793,1.9074227591001696,867319,216831,245688,230553,229976,0.15488149970769882,0.0013922303915023804,12.42923490703106,168.79457185417414,181.3800804913044,4781.776464376309,4781.776464376309,2097152,15659,0.01,0.007466793060302734
test,windows_nonoverlap,17,867321,867321,1674141.7565917969,1.9302446920941576,209375,1.9312342258517896,867321,216831,250137,234734,234212,0.17147556692361832,0.001627989113330841,13.389249347150326,173.24053071439266,186.80288361757994,4642.974365297094,4642.974365297094,2097152,15659,0.01,0.007466793060302734
