split,mode,source_count,total_sample_bytes,total_sample_bases,total_theoretical_bits,total_theoretical_bits_per_base,total_arithmetic_coded_bytes,total_arithmetic_bits_per_base,total_ascii_bytes,total_two_bit_pack_bytes,total_gzip_bytes,total_bz2_bytes,total_lzma_bytes,total_model_forward_seconds,total_softmax_seconds,total_model_forward_softmax_seconds,total_probability_compute_seconds,total_data_transfer_seconds,total_arithmetic_encode_seconds,total_compression_process_seconds,total_compression_bytes_per_second,total_compression_bases_per_second
train,train_windows_nonoverlap,17,806619,806619,1399584.1511230469,1.7351242050125857,191740,1.901666090186321,806619,201656,231875,217494,215816,0.4805557355284691,0.04154223948717117,0.5220979750156403,0.5220979750156403,14.952747978270054,179.01166653633118,194.48651248961687,4147.428989673838,4147.428989673838
val,train_windows_nonoverlap,17,706829,706829,1272488.4453125,1.8002776418518482,173306,1.9615041261747892,706829,176708,206011,191171,192412,0.16831593215465546,0.0013523101806640625,0.16966824233531952,0.16966824233531952,12.815965496003628,153.66888415068388,166.65451788902283,4241.283158436098,4241.283158436098
test,train_windows_nonoverlap,17,706831,706831,1274001.937072754,1.8024137835957306,173466,1.9633094756738174,706831,176709,205701,190924,192344,0.15977460145950317,0.001311957836151123,0.1610865592956543,0.1610865592956543,12.884630873799324,154.55375985056162,167.5994772836566,4217.381888391644,4217.381888391644
