{"test/bpb":1.6820274471298209,"epoch":1,"_step":18750,"eval/bpb":1.6829326135337026,"_wandb":{"runtime":2},"uploaded_events":789,"step":18750,"train/lr":2.9999999999999997e-05,"_runtime":2.516843925,"training_log_file":"outputs/dna_dnagpt_finetune/training_metrics.jsonl","_timestamp":1.7755551070715528e+09,"val/loss":6.999117986145199,"train/bpb":1.645551902579563,"eval/loss":6.999117986145199,"test/loss":6.995353352921944,"train/tokens_per_second":74654.53301387207,"val/bpb":1.6829326135337026,"best_val/bpb":1.6829326135337026,"train/loss":6.843657970428467}