split,mode,species,sample_bytes,sample_bases,theoretical_bits_per_base,arithmetic_bits_per_base,ascii_bytes,two_bit_pack_bytes,gzip_bytes,bz2_bytes,lzma_bytes,arithmetic_vs_2bit_ratio,arithmetic_bytes_ratio_vs_ascii,arithmetic_vs_gzip_ratio
train,train_windows_nonoverlap,HoSa,100000,100000,1.879634521484375,1.88352,100000,25000,27817,26629,25732,0.94176,0.23544,0.8463888988747889
val,train_windows_nonoverlap,HoSa,100000,100000,1.8660494677734376,1.87008,100000,25000,28037,26822,26196,0.93504,0.23376,0.8337553946570603
test,train_windows_nonoverlap,HoSa,100000,100000,1.8891774365234375,1.89296,100000,25000,28409,26828,26684,0.94648,0.23662,0.832905065296209
