split,mode,species,sample_bytes,sample_bases,theoretical_bits_per_base,arithmetic_bits_per_base,ascii_bytes,two_bit_pack_bytes,gzip_bytes,bz2_bytes,lzma_bytes,arithmetic_vs_2bit_ratio,arithmetic_bytes_ratio_vs_ascii,arithmetic_vs_gzip_ratio
train,windows_nonoverlap,HoSa,100000,99999,1.6197337339584332,1.6205762057620576,100000,25000,27817,26629,25732,0.8102881028810288,0.20257,0.7282237480677284
val,windows_nonoverlap,HoSa,100000,99999,1.7742276861245174,1.7750577505775058,100000,25000,28409,26828,26684,0.8875288752887529,0.22188,0.7810200992643176
test,windows_nonoverlap,HoSa,100000,99999,1.669361310312322,1.6701767017670177,100000,25000,28143,26732,26168,0.8350883508835089,0.20877,0.741818569448886
