split,mode,source_count,total_sample_bytes,total_sample_bases,total_theoretical_bits,total_theoretical_bits_per_base,total_arithmetic_coded_bytes,total_arithmetic_bits_per_base,total_ascii_bytes,total_two_bit_pack_bytes,total_gzip_bytes,total_bz2_bytes,total_lzma_bytes,total_probability_compute_seconds,total_arithmetic_encode_seconds,total_compression_process_seconds,total_compression_bytes_per_second,total_compression_bases_per_second
train,train_windows_nonoverlap,1,100000,99999,161971.75366210938,1.6197337339584332,20257,1.6205762057620576,100000,25000,27817,26629,25732,1.0094176230486482,0.6129258108558133,1.6223434339044616,61639.22996213693,61638.61356983731
val,train_windows_nonoverlap,1,100000,99999,177420.99438476562,1.7742276861245174,22188,1.7750577505775058,100000,25000,28409,26828,26684,0.02278117893729359,0.541595839895308,0.5643770188326016,177186.52011530742,177184.74825010626
test,train_windows_nonoverlap,1,100000,99999,166934.46166992188,1.669361310312322,20877,1.6701767017670177,100000,25000,28143,26732,26168,0.014499412034638226,0.539068891084753,0.5535683031193912,180646.18121466474,180644.3747528526
