split,mode,source_count,total_sample_bytes,total_sample_bases,total_decoder_theoretical_bits,total_decoder_theoretical_bits_per_base,total_theoretical_bits,total_theoretical_bits_per_base,total_arithmetic_coded_bytes,total_arithmetic_bits_per_base,total_nugget_hidden_bytes,total_nugget_metadata_bytes,total_side_info_bytes,total_coded_bytes,total_bits_per_base,total_compression_process_seconds,total_compression_bytes_per_second,total_compression_bases_per_second,arithmetic_frequency_total,arithmetic_vocab_size,arithmetic_target_uniform_mass,arithmetic_effective_uniform_mass,arithmetic_coding_mode,arithmetic_merge_size,nugget_hidden_mode,nugget_hidden_storage_dtype
train,windows_nonoverlap,17,921959,921959,874780.05859375,0.9488275059886069,472940484.05859375,512.9734446527381,109399,0.9492743169707113,59006976,1232,59008213,59117612,512.9738914637202,7.81675647944212,117946.4912876242,117946.4912876242,32768,26,0.01,0.00079345703125,fixed_token_units,2,stored_hidden,bfloat16
val,windows_nonoverlap,17,867319,867319,825829.0424804688,0.952162978650841,444911197.04248047,512.9729627074703,103279,0.9526275799331042,55509504,1160,55510671,55613950,512.9734273087525,5.94384353607893,145918.88139978834,145918.88139978834,32768,26,0.01,0.00079345703125,fixed_token_units,2,stored_hidden,bfloat16
test,windows_nonoverlap,17,867321,867321,827324.5004882812,0.9538850096887788,444912708.5004883,512.9735224910827,103463,0.9543225633877191,55509504,1160,55510673,55614136,512.9739600447816,5.985906302928925,144893.84833431436,144893.84833431436,32768,26,0.01,0.00079345703125,fixed_token_units,2,stored_hidden,bfloat16
