{"train/loss":3.4700276851654053,"_wandb":{"runtime":51993},"train/bpb":1.6687305777118464,"val/bpb":1.645222042284288,"train/lr":7.028721289405566e-05,"epoch":1,"eval/loss":3.421143060013288,"_timestamp":1.7760514595333858e+09,"val/loss":3.421143060013288,"_runtime":51993.77858445,"_step":116800,"eval/bpb":1.645222042284288,"train/tokens_per_second":77610.73656492807}