{"train/latent_bpb":170.67708333333334,"epoch":1,"eval/decoder_bpb":0.6823418916761221,"eval/bpb":0.6823418916761221,"_timestamp":1.77718312453452e+09,"eval/vq_codebook_loss":0,"eval/vq_usage_entropy":0,"eval/vq_usage_loss":0,"eval/vq_perplexity":0,"eval/loss":2.8377801503594617,"train/loss":0.059349458664655685,"train/decoder_bpb":0.014270528282490548,"train/total_bpb":170.69135386161582,"train/lr":4.901375153163314e-05,"train/grad_norm":5.759765148162842,"eval/vq_restart_count":0,"eval/latent_bpb":170.6770856178392,"eval/vq_commitment_loss":0,"eval/total_bpb":171.3594275095153,"eval/vq_loss":0,"train/tokens_per_second":49740.93745067126,"eval/vq_active_codes":0,"_step":4000,"train/bpb":0.014270528282490548,"_wandb":{"runtime":1564},"_runtime":1564.026199105,"train/decoder_loss":0.059349458664655685}