split,mode,species,sample_bytes,sample_bases,theoretical_bits_per_base,arithmetic_bits_per_base,ascii_bytes,two_bit_pack_bytes,gzip_bytes,bz2_bytes,lzma_bytes,arithmetic_vs_2bit_ratio,arithmetic_bytes_ratio_vs_ascii,arithmetic_vs_gzip_ratio
train,train_windows_nonoverlap,HoSa,100000,99999,1.5808792658239081,1.5816958169581696,100000,25000,27817,26629,25732,0.7908479084790848,0.19771,0.7107524175863681
val,train_windows_nonoverlap,HoSa,100000,99999,1.5889733238152695,1.5895358953589536,100000,25000,28037,26822,26196,0.7947679476794768,0.19869,0.7086706851660306
test,train_windows_nonoverlap,HoSa,100000,99999,1.7626080411194738,1.7632176321763218,100000,25000,28409,26828,26684,0.8816088160881609,0.2204,0.7758104825935443
