split,mode,source_count,total_sample_bytes,total_sample_bases,total_theoretical_bits,total_theoretical_bits_per_base,total_arithmetic_coded_bytes,total_arithmetic_bits_per_base,total_ascii_bytes,total_two_bit_pack_bytes,total_gzip_bytes,total_bz2_bytes,total_lzma_bytes,total_model_forward_seconds,total_softmax_seconds,total_data_transfer_seconds,total_arithmetic_encode_seconds,total_compression_process_seconds,total_compression_bytes_per_second,total_compression_bases_per_second,arithmetic_frequency_total,arithmetic_vocab_size,arithmetic_target_uniform_mass,arithmetic_effective_uniform_mass
train,windows_nonoverlap,17,921959,921957,1667167.3430175781,1.8082918650409705,208481,1.8090301391496566,921959,230491,263599,248435,245696,1.455806016921997,0.019408822059631348,0.7045490741729736,5.057799145579338,7.23756305873394,127385.28044842726,127385.00411232024,32768,127,0.01,0.003875732421875
val,windows_nonoverlap,17,867319,867315,1605674.3720703125,1.8513162715625955,200779,1.8519592074390503,867319,216831,245688,230553,229976,0.9698788672685623,0.00170193612575531,0.6784815415740013,4.420634254813194,6.070696599781513,142869.76556054788,142869.1066575811,32768,127,0.01,0.003875732421875
test,windows_nonoverlap,17,867321,867318,1610496.3596191406,1.856869521466337,201384,1.8575332231084793,867321,216831,250137,234734,234212,1.0212158635258675,0.0017735734581947327,0.6685295403003693,4.519571490585804,6.211090467870235,139640.69666777883,139640.21366080677,32768,127,0.01,0.003875732421875
