{"_runtime":1253.16400201,"val/loss":3.2931857676223477,"_step":39050,"train/bpb":1.5442722367272594,"upload_resumed_from_event":0,"train/lr":3.0000075709182627e-05,"_wandb":{"runtime":1253},"_timestamp":1.776051193881292e+09,"train/tokens_per_second":218432.70680886664,"upload_resumed_run_id":"nsa2jj5s","step":39050,"eval/loss":3.2931857676223477,"val/bpb":1.5836875918916253,"best_val/bpb":1.5748461054032072,"train/loss":3.211223840713501,"uploaded_events":1577,"eval/bpb":1.5836875918916253,"epoch":1,"training_log_file":"outputs/dna_megabyte_large_b128_ensembl_all/training_metrics.jsonl"}