split,mode,species,source_name,sample_bytes,sample_bases,arithmetic_bits_per_base,theoretical_bits_per_base,vs_2bit_percent,paper_baseline_percent,paper_baseline_bpb,compression_bases_per_second,compression_mbases_per_second,compression_bytes_per_second,compression_mbytes_per_second
train,sliding_token,GaGa,GaGa,100000,100000,1.85088,1.8469129940873588,92.54400000000001,91.0,1.82,3718.059945618265,0.003718059945618265,3718.059945618265,0.003718059945618265
train,sliding_token,DrMe,DrMe,100000,100000,1.86384,1.859827121251674,93.192,93.0,1.86,3766.621573671606,0.003766621573671606,3766.621573671606,0.003766621573671606
train,sliding_token,EnIn,EnIn,100000,100000,1.87816,1.8741999068412658,93.908,79.0,1.58,3751.4110229291064,0.003751411022929106,3751.4110229291064,0.003751411022929106
train,sliding_token,PlFa,PlFa,100000,100000,1.81152,1.8075280530518558,90.57600000000001,87.0,1.74,3766.6792039362213,0.0037666792039362214,3766.6792039362213,0.0037666792039362214
train,sliding_token,HePy,HePy,100000,100000,1.84832,1.8442631053422165,92.416,91.0,1.82,3756.7488302044703,0.00375674883020447,3756.7488302044703,0.00375674883020447
train,sliding_token,AeCa,AeCa,100000,100000,1.92504,1.9210997253702167,96.25200000000001,97.0,1.94,3763.3705782503057,0.0037633705782503055,3763.3705782503057,0.0037633705782503055
train,sliding_token,HaHi,HaHi,100000,100000,1.79208,1.7878987356499356,89.604,93.0,1.86,3762.9969398701896,0.0037629969398701897,3762.9969398701896,0.0037629969398701897
train,sliding_token,AnCa,AnCa,100000,100000,1.79016,1.786194625000966,89.508,,,3749.1359272810223,0.003749135927281022,3749.1359272810223,0.003749135927281022
train,sliding_token,WaMe,WaMe,100000,100000,1.93728,1.9333361153848205,96.86399999999999,,,3762.88452583084,0.00376288452583084,3762.88452583084,0.00376288452583084
