{
  "device": "cuda",
  "model_parameters": 11236931,
  "dataset": {
    "species": [
      {
        "species": "HoSa",
        "total_size": 189752667,
        "train_bytes": 262144,
        "val_bytes": 65536,
        "test_bytes": 65536
      }
    ],
    "alphabet_bytes": [
      65,
      67,
      71,
      84
    ]
  },
  "best_val_bits_per_byte": 4.492832076446936,
  "validation": {
    "loss_nats": 3.1141938865184784,
    "bits_per_byte": 4.492832076446936,
    "tokens": 65536,
    "elapsed_seconds": 0.20325994491577148
  },
  "test": {
    "loss_nats": 3.1273582875728607,
    "bits_per_byte": 4.511824292564367,
    "tokens": 65536,
    "elapsed_seconds": 0.1922752857208252
  },
  "compression": {
    "sample_bytes": 2048,
    "sample_symbols_with_eos": 2049,
    "theoretical_bits": 9419.939478016513,
    "theoretical_bits_per_byte": 4.5995798232502505,
    "arithmetic_coded_bytes": 1181,
    "arithmetic_bits_per_byte": 4.61328125,
    "ascii_bytes": 2048,
    "two_bit_pack_bytes": 512,
    "gzip_bytes": 677,
    "bz2_bytes": 629,
    "lzma_bytes": 772
  }
}