{"train/decoder_bpb": 0.9603999654907684, "train/grad_norm": 39.00553512573242, "_step": 112325, "train/bpb": 0.9603999654907684, "train/nugget_flatten_bottleneck_dim": 512, "train/lr": 5.00027107623672e-06, "epoch": 1, "train/decoder_loss": 3.9941911697387695, "train/latent_bpb": 2.6770833333333335, "train/nugget_flatten_input_dim": 32768, "train/nugget_flatten_max_nuggets": 512, "_timestamp": 1777350962.6310923, "_runtime": 48149.703636055, "train/total_bpb": 3.637483298824102, "train/tokens_per_second": 49565.042334580896, "train/loss": 3.9941911697387695, "eval/nugget_flatten_input_dim": 32768, "eval/vq_usage_loss": 0, "eval/latent_bpb": 2.677670451339887, "eval/nugget_flatten_max_nuggets": 512, "eval/vq_restart_count": 0, "eval/vq_active_codes": 0, "eval/decoder_bpb": 0.9889704680356134, "eval/nugget_flatten_bottleneck_dim": 512, "eval/total_bpb": 3.6666409193755003, "eval/vq_loss": 0, "eval/bpb": 0.9889704680356134, "eval/vq_perplexity": 0, "eval/vq_codebook_loss": 0, "eval/vq_commitment_loss": 0, "eval/vq_usage_entropy": 0, "eval/loss": 4.113012549455609}